<?xml version="1.0" encoding="utf-8"?>
<eml:eml xmlns:eml="eml://ecoinformatics.org/eml-2.1.1" xmlns:xsi="http://www.w3.org/2001/XMLSchema-instance"
         xsi:schemaLocation="eml://ecoinformatics.org/eml-2.1.1 http://rs.gbif.org/schema/eml-gbif-profile/1.2/eml.xsd"
packageId="10.15468/dl.f2wvtw"  system="http://gbif.org" scope="system"
xml:lang="en">

    <dataset>
                <alternateIdentifier>0256041-220831081235567</alternateIdentifier>
        <title>GBIF Occurrence Download 10.15468/dl.f2wvtw</title>
            <creator>
            <individualName>
                    <surName>GBIF Download Service</surName>
            </individualName>
<electronicMailAddress>support@gbif.org</electronicMailAddress>            </creator>
            <metadataProvider>
            <individualName>
                    <surName>GBIF Download Service</surName>
            </individualName>
<electronicMailAddress>support@gbif.org</electronicMailAddress>            </metadataProvider>
            <pubDate>
                2023-01-23
            </pubDate>
        <language>ENGLISH</language>
            <abstract>
                    <para>A dataset containing all occurrences available in GBIF matching the query:
{
  &quot;and&quot; : [
    &quot;TaxonKey is one of (Linnaea borealis L., Campanula rotundifolia L., Sciurus vulgaris Linnaeus, 1758, Numenius arquata (Linnaeus, 1758), Pinus sylvestris L.)&quot;,
    &quot;GadmGid is GBR.3_1&quot;,
    &quot;CoordinateUncertaintyInMeters is less than 101&quot;,
    &quot;Geometry POLYGON ((-4.487797 56.87103, -4.472936 56.77947, -4.45861 56.76783, -4.305149 56.72554, -4.141725 56.71788, -3.946349 56.67497, -3.72641 56.65444, -3.705578 56.65847, -3.603826 56.70343, -3.586679 56.7026, -3.560901 56.70323, -3.406188 56.66285, -3.290028 56.68677, -3.238345 56.69419, -3.069616 56.71428, -3.053932 56.72004, -2.864126 56.77644, -2.746596 56.81825, -2.707832 56.91861, -2.665266 56.97876, -2.641268 57.07311, -2.778974 57.19488, -2.892239 57.32149, -3.00838 57.36653, -3.188573 57.3971, -3.30537 57.44399, -3.579831 57.50021, -3.794084 57.44891, -3.956882 57.40776, -4.11059 57.32476, -4.119489 57.31154, -4.120656 57.23385, -4.440041 57.1627, -4.638194 57.01151, -4.641671 56.99725, -4.590652 56.92619, -4.487797 56.87103))&quot;
  ]
}
The dataset includes records from the following constituent datasets. The full metadata for each constituent is also included in this archive:
109 records from Scottish SNH-funded BSBI records
70 records from RSPB Annual Reserve Avian Monitoring
1 records from Standing Waters Database - Scotland
254 records from National Trust for Scotland Species Records
286 records from National Mammal Atlas Project, online recording
2 records from Flora guardian survey records 2004 - 2013 for Scotland
6650 records from The Scottish Squirrel Database
203 records from HBRG Vertebrates (not Badger) Dataset
1 records from Back from the Brink vascular plant species abundance and distribution for Great Britain for the period 2002-2009
470 records from National Trust for Scotland Mar Lodge Montane Scrub Surveys 2016-2018
32 records from Mammal records from Britain from the Atlas of Mammals (1993), with some subsequent records
2 records from Pl@ntNet observations
78 records from Observation.org, Nature data from around the World
10 records from Vascular plant records verified via iRecord
91 records from National Plant Monitoring Scheme - England, Scotland, Wales
16 records from Pl@ntNet automatically identified occurrences
1 records from Glasgow Museums BRC: Mammals
2 records from Biodiversitätsdatenbank Salzburg
44 records from Survey of Eurasian otter distribution in the Glenmore - Aviemore area, 2018: Camera trap mammal records
2 records from Mammal records for Europe via the iMammalia app
6 records from Commissioned surveys and staff surveys and reports for Scottish Wildlife Trust reserves - Verified data
116 records from iNaturalist Research-grade Observations
1 records from Living with Mammals survey
24 records from Mammal Mapper App Sighting Records
3429 records from Other BSBI Scottish data up to 2016</para>
            </abstract>
            <contact>
            <individualName>
                    <surName>GBIF Download Service</surName>
            </individualName>
<electronicMailAddress>support@gbif.org</electronicMailAddress>            </contact>

    </dataset>

    <additionalMetadata>
        <metadata>
            <gbif>
                <dateStamp>2023-01-23T15:07:14Z</dateStamp>
                <citation identifier="10.15468/dl.f2wvtw">GBIF Occurrence Download 10.15468/dl.f2wvtw</citation>
                    <physical>
                        <objectName>Darwin Core Archive</objectName>
                        <characterEncoding>UTF-8</characterEncoding>
                        <dataFormat>
                            <externallyDefinedFormat>
                                <formatName>Darwin Core Archive</formatName>
                            </externallyDefinedFormat>
                        </dataFormat>
                        <distribution>
                            <online>
                                <url function="download">https://api.gbif.org/v1/occurrence/download/request/0256041-220831081235567.zip</url>
                            </online>
                        </distribution>
                    </physical>
            </gbif>
        </metadata>
    </additionalMetadata>

</eml:eml>
