<?xml version="1.0" encoding="utf-8"?>
<eml:eml xmlns:eml="eml://ecoinformatics.org/eml-2.1.1" xmlns:xsi="http://www.w3.org/2001/XMLSchema-instance"
         xsi:schemaLocation="eml://ecoinformatics.org/eml-2.1.1 http://rs.gbif.org/schema/eml-gbif-profile/1.2/eml.xsd"
packageId="508ca939-3944-446b-92c7-4f7fd52edbea"  system="http://gbif.org" scope="system"
xml:lang="en">

    <dataset>
            <alternateIdentifier>10.15468/b3gw2z</alternateIdentifier>
                <alternateIdentifier>508ca939-3944-446b-92c7-4f7fd52edbea</alternateIdentifier>
                <alternateIdentifier>https://registry.nbnatlas.org/public/show/dr2639</alternateIdentifier>
                <alternateIdentifier>a2567d59-c9ba-35ef-a6b9-bf96363668b7</alternateIdentifier>
        <title>National Trust for Scotland Mar Lodge Montane Scrub Surveys 2016-2018</title>
            <creator>
<organizationName>National Trust for Scotland</organizationName>            <address>
<deliveryPoint>Hermiston Quay, 5 Cultins Rd</deliveryPoint><city>Edinburgh</city><postalCode>EH11 4DF</postalCode>            </address>
<onlineUrl>http://www.nts.org.uk/Home/</onlineUrl>            </creator>
            <metadataProvider>
<organizationName>National Trust for Scotland</organizationName>            <address>
<deliveryPoint>Hermiston Quay, 5 Cultins Rd</deliveryPoint><city>Edinburgh</city><postalCode>EH11 4DF</postalCode>            </address>
<onlineUrl>http://www.nts.org.uk/Home/</onlineUrl>            </metadataProvider>
            <associatedParty>
<organizationName>NBN Atlas</organizationName>            <address>
<deliveryPoint>Unit F, 14 - 18 St Mary&apos;s Gate, Lace Market</deliveryPoint><city>Nottingham</city><administrativeArea>Nottinghamshire</administrativeArea><postalCode>NG1 1PF</postalCode><country>UNITED_KINGDOM</country>            </address>
<electronicMailAddress>admin@nbnatlas.org</electronicMailAddress>            <role>DISTRIBUTOR</role>
            </associatedParty>
            <pubDate>
                2022-02-14
            </pubDate>
        <language>ENGLISH</language>
            <abstract>
                    <para>A systematic sample of natural regeneration and scrub on the Mar Lodge Estate between altitudes of approximately 450 to 950 metres.

For additional information please contact the Dataset contact</para>
            </abstract>
            <intellectualRights>
                    <para>This work is licensed under a <ulink url="http://creativecommons.org/licenses/by/4.0/legalcode"><citetitle>Creative Commons Attribution (CC-BY) 4.0 License</citetitle></ulink>.</para>
            </intellectualRights>
            <distribution scope="document">
                <online>
                    <url function="information">https://registry.nbnatlas.org/public/show/dr2639</url>
                </online>
            </distribution>
            <purpose>
                <para>To assess the extent and composition of woodland regeneration at the Mar Lodge Estate, Scotland</para>
            </purpose>
            <contact>
            <individualName>
<givenName>Shaila</givenName>                    <surName>shailarao@nts.org.uk</surName>
            </individualName>
<positionName>editor</positionName><electronicMailAddress>shailarao@nts.org.uk</electronicMailAddress>            </contact>
            <methods>
                    <methodStep>
                        <description>
                            <para>A systematic sample of natural regeneration and scrub on the Mar Lodge Estate between altitudes of approximately 450 to 950 metres was taken by walking transects running north to south at 100 metre intervals. A 12-figure grid reference at the southern point of each 50 metre transect section was generated with the aid of geographical information software (GIS). These points were then loaded into hand-held GPS devices to allow accurate location in the field (±3 metres accuracy). Transects were split into sections of 50 metres long, and a corridor 2.5 metres either side of the transect searched for seedlings, saplings and montane scrub. The following data was collected for each transect section: surveyor initials; 12 figure grid reference of southern point for transect section (pre-determined); sample number (pre-determined); date; species of natural regeneration or scrub; height relative to vegetation (count for individuals below, at or above); browsing (count for individuals with 0, &lt;25%, 25-75% or &gt;75% shoots browsed); species of herbivore (based on signs of occupancy within each section); herbivore responsible for damage; damage other than browsing. For mat-forming species (creeping willow Salix repens, dwarf birch Betula nana and juniper Juniperus communis) a count of individual bushes and an estimate of the overall percentage cover within each transect section was recorded. All surveyors were competent botanists.</para>
                        </description>
                    </methodStep>
                    <qualityControl>
                        <description>
                            <para>All surveyors were competent botanists.</para>
                        </description>
                    </qualityControl>
            </methods>

    </dataset>

    <additionalMetadata>
        <metadata>
            <gbif>
                <dateStamp>2023-01-23T15:07:11Z</dateStamp>
                <citation>National Trust for Scotland (2022). National Trust for Scotland Mar Lodge Montane Scrub Surveys 2016-2018. Occurrence dataset https://doi.org/10.15468/b3gw2z accessed via GBIF.org on 2023-01-23.</citation>
                    <resourceLogoUrl>https://registry.nbnatlas.org/data/dataProvider/national_trust2.jpg</resourceLogoUrl>
            </gbif>
        </metadata>
    </additionalMetadata>

</eml:eml>
